{
  "Get_SSH_Credentials" : {
    "transaction" : "Get_SSH_Credentials",
    "sampleCount" : 341,
    "errorCount" : 8,
    "errorPct" : 2.346041,
    "meanResTime" : 5913.202346041053,
    "medianResTime" : 820.0,
    "minResTime" : 99.0,
    "maxResTime" : 30736.0,
    "pct1ResTime" : 30034.6,
    "pct2ResTime" : 30562.0,
    "pct3ResTime" : 30697.22,
    "throughput" : 1.3742186901801798,
    "receivedKBytesPerSec" : 4.516211454626603,
    "sentKBytesPerSec" : 0.5716964472819889
  },
  "Save_Password_Credentials" : {
    "transaction" : "Save_Password_Credentials",
    "sampleCount" : 327,
    "errorCount" : 73,
    "errorPct" : 22.32416,
    "meanResTime" : 14559.715596330272,
    "medianResTime" : 909.0,
    "minResTime" : 216.0,
    "maxResTime" : 60068.0,
    "pct1ResTime" : 60011.0,
    "pct2ResTime" : 60037.2,
    "pct3ResTime" : 60047.44,
    "throughput" : 1.3215698795229416,
    "receivedKBytesPerSec" : 0.8763775509430836,
    "sentKBytesPerSec" : 0.7472548439880695
  },
  "Update_KV_Credentials" : {
    "transaction" : "Update_KV_Credentials",
    "sampleCount" : 264,
    "errorCount" : 36,
    "errorPct" : 13.636364,
    "meanResTime" : 6663.238636363639,
    "medianResTime" : 688.5,
    "minResTime" : 127.0,
    "maxResTime" : 60077.0,
    "pct1ResTime" : 32473.5,
    "pct2ResTime" : 60008.75,
    "pct3ResTime" : 60059.9,
    "throughput" : 1.0716851843582675,
    "receivedKBytesPerSec" : 0.7064013907550915,
    "sentKBytesPerSec" : 0.5735190244417291
  },
  "Get_JWKS" : {
    "transaction" : "Get_JWKS",
    "sampleCount" : 354,
    "errorCount" : 0,
    "errorPct" : 0.0,
    "meanResTime" : 315.8389830508473,
    "medianResTime" : 203.0,
    "minResTime" : 85.0,
    "maxResTime" : 2470.0,
    "pct1ResTime" : 627.5,
    "pct2ResTime" : 926.25,
    "pct3ResTime" : 1471.9999999999993,
    "throughput" : 1.41643059490085,
    "receivedKBytesPerSec" : 3.0593831774859557,
    "sentKBytesPerSec" : 0.47859861898017
  },
  "Get_Password_Credentials" : {
    "transaction" : "Get_Password_Credentials",
    "sampleCount" : 313,
    "errorCount" : 15,
    "errorPct" : 4.792332,
    "meanResTime" : 6299.8722044728465,
    "medianResTime" : 776.0,
    "minResTime" : 118.0,
    "maxResTime" : 30777.0,
    "pct1ResTime" : 30301.0,
    "pct2ResTime" : 30444.5,
    "pct3ResTime" : 30696.74,
    "throughput" : 1.266314418183142,
    "receivedKBytesPerSec" : 1.4302377196833,
    "sentKBytesPerSec" : 0.5329897599970062
  },
  "Total" : {
    "transaction" : "Total",
    "sampleCount" : 2515,
    "errorCount" : 223,
    "errorPct" : 8.866799,
    "meanResTime" : 6846.422664015906,
    "medianResTime" : 717.0,
    "minResTime" : 85.0,
    "maxResTime" : 60077.0,
    "pct1ResTime" : 30371.4,
    "pct2ResTime" : 49475.2,
    "pct3ResTime" : 60034.0,
    "throughput" : 10.042245310291406,
    "receivedKBytesPerSec" : 13.816396829156051,
    "sentKBytesPerSec" : 4.550528883683647
  },
  "Get_All_Resource_credential_Summaries" : {
    "transaction" : "Get_All_Resource_credential_Summaries",
    "sampleCount" : 291,
    "errorCount" : 9,
    "errorPct" : 3.0927835,
    "meanResTime" : 4751.058419243987,
    "medianResTime" : 702.0,
    "minResTime" : 115.0,
    "maxResTime" : 30958.0,
    "pct1ResTime" : 30158.4,
    "pct2ResTime" : 30355.399999999998,
    "pct3ResTime" : 30625.519999999997,
    "throughput" : 1.1779707328921003,
    "receivedKBytesPerSec" : 1.218095044730504,
    "sentKBytesPerSec" : 0.5107607474649342
  },
  "Get_KV_Credentials" : {
    "transaction" : "Get_KV_Credentials",
    "sampleCount" : 272,
    "errorCount" : 15,
    "errorPct" : 5.5147057,
    "meanResTime" : 3675.176470588235,
    "medianResTime" : 665.0,
    "minResTime" : 93.0,
    "maxResTime" : 33158.0,
    "pct1ResTime" : 4206.900000000013,
    "pct2ResTime" : 30158.699999999997,
    "pct3ResTime" : 30758.399999999994,
    "throughput" : 1.1049499319562082,
    "receivedKBytesPerSec" : 1.1708673552292161,
    "sentKBytesPerSec" : 0.43701633051002375
  },
  "Generate_SSH_Credentials" : {
    "transaction" : "Generate_SSH_Credentials",
    "sampleCount" : 353,
    "errorCount" : 67,
    "errorPct" : 18.98017,
    "meanResTime" : 11944.351274787536,
    "medianResTime" : 1091.0,
    "minResTime" : 366.0,
    "maxResTime" : 60043.0,
    "pct1ResTime" : 57906.6,
    "pct2ResTime" : 60010.0,
    "pct3ResTime" : 60016.38,
    "throughput" : 1.4172551822156556,
    "receivedKBytesPerSec" : 0.969269833793707,
    "sentKBytesPerSec" : 0.7487647007604196
  }
}