{
  "Local_Authentication_Logout" : {
    "transaction" : "Local_Authentication_Logout",
    "sampleCount" : 2889,
    "errorCount" : 0,
    "errorPct" : 0.0,
    "meanResTime" : 341.14503288334953,
    "medianResTime" : 288.0,
    "minResTime" : 52.0,
    "maxResTime" : 2078.0,
    "pct1ResTime" : 642.0,
    "pct2ResTime" : 785.5,
    "pct3ResTime" : 1139.4999999999995,
    "throughput" : 21.650991119271556,
    "receivedKBytesPerSec" : 14.628991878067973,
    "sentKBytesPerSec" : 23.279044162419904
  },
  "Local_Authentication_Password" : {
    "transaction" : "Local_Authentication_Password",
    "sampleCount" : 2908,
    "errorCount" : 0,
    "errorPct" : 0.0,
    "meanResTime" : 758.9150618982111,
    "medianResTime" : 578.0,
    "minResTime" : 188.0,
    "maxResTime" : 27124.0,
    "pct1ResTime" : 1074.0,
    "pct2ResTime" : 1272.5499999999997,
    "pct3ResTime" : 2106.649999999998,
    "throughput" : 18.195014515967564,
    "receivedKBytesPerSec" : 74.09704630171314,
    "sentKBytesPerSec" : 7.427261784838322
  },
  "OpenID_Config" : {
    "transaction" : "OpenID_Config",
    "sampleCount" : 2878,
    "errorCount" : 0,
    "errorPct" : 0.0,
    "meanResTime" : 806.4628214037535,
    "medianResTime" : 749.5,
    "minResTime" : 73.0,
    "maxResTime" : 3319.0,
    "pct1ResTime" : 1448.0,
    "pct2ResTime" : 1695.0,
    "pct3ResTime" : 2153.42,
    "throughput" : 21.563382708834393,
    "receivedKBytesPerSec" : 24.685840823480707,
    "sentKBytesPerSec" : 7.875688606546936
  },
  "Total" : {
    "transaction" : "Total",
    "sampleCount" : 8675,
    "errorCount" : 0,
    "errorPct" : 0.0,
    "meanResTime" : 635.5611527377505,
    "medianResTime" : 500.0,
    "minResTime" : 52.0,
    "maxResTime" : 27124.0,
    "pct1ResTime" : 1163.0,
    "pct2ResTime" : 1396.199999999999,
    "pct3ResTime" : 1988.199999999999,
    "throughput" : 54.190977124223835,
    "receivedKBytesPerSec" : 106.75310763585226,
    "sentKBytesPerSec" : 33.38563034296486
  }
}