{
  "Add_Child_Group" : {
    "transaction" : "Add_Child_Group",
    "sampleCount" : 570,
    "errorCount" : 0,
    "errorPct" : 0.0,
    "meanResTime" : 1982.631578947366,
    "medianResTime" : 797.5,
    "minResTime" : 86.0,
    "maxResTime" : 30975.0,
    "pct1ResTime" : 2635.0,
    "pct2ResTime" : 3608.8499999999935,
    "pct3ResTime" : 30439.58,
    "throughput" : 4.262957146062374,
    "receivedKBytesPerSec" : 2.903387286384713,
    "sentKBytesPerSec" : 2.1065003085034775
  },
  "Total" : {
    "transaction" : "Total",
    "sampleCount" : 5165,
    "errorCount" : 678,
    "errorPct" : 13.126815,
    "meanResTime" : 3019.186447241051,
    "medianResTime" : 918.0,
    "minResTime" : 65.0,
    "maxResTime" : 60181.0,
    "pct1ResTime" : 3456.2000000000016,
    "pct2ResTime" : 29968.199999999997,
    "pct3ResTime" : 44432.940000000104,
    "throughput" : 20.667357579298233,
    "receivedKBytesPerSec" : 20.774172949319958,
    "sentKBytesPerSec" : 10.060765226170517
  },
  "Create_Groups" : {
    "transaction" : "Create_Groups",
    "sampleCount" : 623,
    "errorCount" : 66,
    "errorPct" : 10.593901,
    "meanResTime" : 8644.792937399696,
    "medianResTime" : 1943.0,
    "minResTime" : 210.0,
    "maxResTime" : 60088.0,
    "pct1ResTime" : 41324.40000000001,
    "pct2ResTime" : 50024.2,
    "pct3ResTime" : 58641.439999999995,
    "throughput" : 2.492917393600845,
    "receivedKBytesPerSec" : 2.299682220557165,
    "sentKBytesPerSec" : 1.5921562259911648
  },
  "Get_All_Users_of_Group" : {
    "transaction" : "Get_All_Users_of_Group",
    "sampleCount" : 556,
    "errorCount" : 0,
    "errorPct" : 0.0,
    "meanResTime" : 1015.4658273381308,
    "medianResTime" : 723.0,
    "minResTime" : 86.0,
    "maxResTime" : 7715.0,
    "pct1ResTime" : 2237.8,
    "pct2ResTime" : 2832.849999999999,
    "pct3ResTime" : 3842.3299999999986,
    "throughput" : 5.4324992427721375,
    "receivedKBytesPerSec" : 12.018129805954255,
    "sentKBytesPerSec" : 2.1379855418331757
  },
  "Find_Group" : {
    "transaction" : "Find_Group",
    "sampleCount" : 590,
    "errorCount" : 4,
    "errorPct" : 0.6779661,
    "meanResTime" : 3675.545762711865,
    "medianResTime" : 827.0,
    "minResTime" : 73.0,
    "maxResTime" : 30575.0,
    "pct1ResTime" : 3862.0999999999976,
    "pct2ResTime" : 30256.149999999998,
    "pct3ResTime" : 30448.9,
    "throughput" : 3.0321095259630804,
    "receivedKBytesPerSec" : 2.573579244696378,
    "sentKBytesPerSec" : 1.2258724060046047
  },
  "Get_All_Child_Groups" : {
    "transaction" : "Get_All_Child_Groups",
    "sampleCount" : 563,
    "errorCount" : 0,
    "errorPct" : 0.0,
    "meanResTime" : 1032.4351687388987,
    "medianResTime" : 718.0,
    "minResTime" : 65.0,
    "maxResTime" : 6860.0,
    "pct1ResTime" : 2403.4000000000005,
    "pct2ResTime" : 3053.799999999999,
    "pct3ResTime" : 4428.24,
    "throughput" : 5.452784503631961,
    "receivedKBytesPerSec" : 3.702633171912833,
    "sentKBytesPerSec" : 2.1672688407990313
  },
  "Update_Group" : {
    "transaction" : "Update_Group",
    "sampleCount" : 603,
    "errorCount" : 603,
    "errorPct" : 100.0,
    "meanResTime" : 4412.3266998341705,
    "medianResTime" : 1235.0,
    "minResTime" : 166.0,
    "maxResTime" : 30753.0,
    "pct1ResTime" : 29944.0,
    "pct2ResTime" : 30443.2,
    "pct3ResTime" : 30631.56,
    "throughput" : 2.6844621726781406,
    "receivedKBytesPerSec" : 1.1361854677330319,
    "sentKBytesPerSec" : 1.9189710062503895
  },
  "Add_User_to_group" : {
    "transaction" : "Add_User_to_group",
    "sampleCount" : 580,
    "errorCount" : 5,
    "errorPct" : 0.86206895,
    "meanResTime" : 3120.998275862071,
    "medianResTime" : 872.5,
    "minResTime" : 90.0,
    "maxResTime" : 60181.0,
    "pct1ResTime" : 3157.7,
    "pct2ResTime" : 30439.85,
    "pct3ResTime" : 31173.8,
    "throughput" : 3.5220034126998585,
    "receivedKBytesPerSec" : 2.3918869721549196,
    "sentKBytesPerSec" : 1.6956520336533498
  },
  "Get_All_Groups_of_User" : {
    "transaction" : "Get_All_Groups_of_User",
    "sampleCount" : 546,
    "errorCount" : 0,
    "errorPct" : 0.0,
    "meanResTime" : 1272.9029304029305,
    "medianResTime" : 834.0,
    "minResTime" : 90.0,
    "maxResTime" : 7432.0,
    "pct1ResTime" : 3115.5,
    "pct2ResTime" : 3816.9999999999986,
    "pct3ResTime" : 5722.179999999997,
    "throughput" : 5.399471919779275,
    "receivedKBytesPerSec" : 10.906594497557382,
    "sentKBytesPerSec" : 1.9087976903907202
  },
  "Change_Group_Membership" : {
    "transaction" : "Change_Group_Membership",
    "sampleCount" : 534,
    "errorCount" : 0,
    "errorPct" : 0.0,
    "meanResTime" : 1119.9307116104858,
    "medianResTime" : 787.0,
    "minResTime" : 158.0,
    "maxResTime" : 6542.0,
    "pct1ResTime" : 2406.0,
    "pct2ResTime" : 2714.0,
    "pct3ResTime" : 4302.7,
    "throughput" : 5.343473257617451,
    "receivedKBytesPerSec" : 3.6392014184219743,
    "sentKBytesPerSec" : 2.5047530895081804
  }
}