{
  "Add_Child_Group" : {
    "transaction" : "Add_Child_Group",
    "sampleCount" : 766,
    "errorCount" : 0,
    "errorPct" : 0.0,
    "meanResTime" : 640.526109660574,
    "medianResTime" : 525.0,
    "minResTime" : 61.0,
    "maxResTime" : 3065.0,
    "pct1ResTime" : 1266.3000000000006,
    "pct2ResTime" : 1586.4999999999998,
    "pct3ResTime" : 2459.220000000001,
    "throughput" : 4.854553520501932,
    "receivedKBytesPerSec" : 3.3048585639932826,
    "sentKBytesPerSec" : 2.3988321107167754
  },
  "Total" : {
    "transaction" : "Total",
    "sampleCount" : 6915,
    "errorCount" : 782,
    "errorPct" : 11.308749,
    "meanResTime" : 798.3543022415029,
    "medianResTime" : 618.0,
    "minResTime" : 59.0,
    "maxResTime" : 8376.0,
    "pct1ResTime" : 1597.4000000000005,
    "pct2ResTime" : 2081.0,
    "pct3ResTime" : 3659.6800000000003,
    "throughput" : 43.24199257100692,
    "receivedKBytesPerSec" : 43.959388669456715,
    "sentKBytesPerSec" : 20.942549344882252
  },
  "Create_Groups" : {
    "transaction" : "Create_Groups",
    "sampleCount" : 791,
    "errorCount" : 0,
    "errorPct" : 0.0,
    "meanResTime" : 1584.1694058154242,
    "medianResTime" : 1272.0,
    "minResTime" : 180.0,
    "maxResTime" : 8376.0,
    "pct1ResTime" : 3292.0000000000014,
    "pct2ResTime" : 4000.0,
    "pct3ResTime" : 5371.600000000006,
    "throughput" : 4.9497825474797414,
    "receivedKBytesPerSec" : 4.764198701151403,
    "sentKBytesPerSec" : 3.1612869004411626
  },
  "Get_All_Users_of_Group" : {
    "transaction" : "Get_All_Users_of_Group",
    "sampleCount" : 760,
    "errorCount" : 0,
    "errorPct" : 0.0,
    "meanResTime" : 634.7421052631582,
    "medianResTime" : 501.0,
    "minResTime" : 66.0,
    "maxResTime" : 3233.0,
    "pct1ResTime" : 1283.2999999999997,
    "pct2ResTime" : 1525.1499999999987,
    "pct3ResTime" : 2322.24,
    "throughput" : 4.831532104259376,
    "receivedKBytesPerSec" : 10.68751117490464,
    "sentKBytesPerSec" : 1.9014721074380163
  },
  "Find_Group" : {
    "transaction" : "Find_Group",
    "sampleCount" : 776,
    "errorCount" : 0,
    "errorPct" : 0.0,
    "meanResTime" : 594.46262886598,
    "medianResTime" : 491.5,
    "minResTime" : 67.0,
    "maxResTime" : 2686.0,
    "pct1ResTime" : 1200.3000000000002,
    "pct2ResTime" : 1434.4999999999993,
    "pct3ResTime" : 1913.5800000000008,
    "throughput" : 4.917897725472302,
    "receivedKBytesPerSec" : 4.178780940848971,
    "sentKBytesPerSec" : 1.9882906819780597
  },
  "Get_All_Child_Groups" : {
    "transaction" : "Get_All_Child_Groups",
    "sampleCount" : 764,
    "errorCount" : 0,
    "errorPct" : 0.0,
    "meanResTime" : 601.7958115183247,
    "medianResTime" : 523.0,
    "minResTime" : 59.0,
    "maxResTime" : 3209.0,
    "pct1ResTime" : 1175.5,
    "pct2ResTime" : 1468.25,
    "pct3ResTime" : 2048.400000000003,
    "throughput" : 4.857795044286051,
    "receivedKBytesPerSec" : 3.2974236081527026,
    "sentKBytesPerSec" : 1.9307837724847876
  },
  "Update_Group" : {
    "transaction" : "Update_Group",
    "sampleCount" : 782,
    "errorCount" : 782,
    "errorPct" : 100.0,
    "meanResTime" : 953.6943734015346,
    "medianResTime" : 851.0,
    "minResTime" : 98.0,
    "maxResTime" : 4521.0,
    "pct1ResTime" : 1845.9000000000003,
    "pct2ResTime" : 2146.3999999999996,
    "pct3ResTime" : 2932.5299999999997,
    "throughput" : 4.9504950495049505,
    "receivedKBytesPerSec" : 2.0807561869318327,
    "sentKBytesPerSec" : 3.5388304455445545
  },
  "Add_User_to_group" : {
    "transaction" : "Add_User_to_group",
    "sampleCount" : 773,
    "errorCount" : 0,
    "errorPct" : 0.0,
    "meanResTime" : 685.3790426908154,
    "medianResTime" : 545.0,
    "minResTime" : 72.0,
    "maxResTime" : 4023.0,
    "pct1ResTime" : 1385.0,
    "pct2ResTime" : 1696.2999999999995,
    "pct3ResTime" : 2581.2,
    "throughput" : 4.898605830164765,
    "receivedKBytesPerSec" : 3.3351094641159693,
    "sentKBytesPerSec" : 2.358410814717997
  },
  "Get_All_Groups_of_User" : {
    "transaction" : "Get_All_Groups_of_User",
    "sampleCount" : 754,
    "errorCount" : 0,
    "errorPct" : 0.0,
    "meanResTime" : 743.9137931034483,
    "medianResTime" : 565.5,
    "minResTime" : 74.0,
    "maxResTime" : 5401.0,
    "pct1ResTime" : 1480.0,
    "pct2ResTime" : 1914.25,
    "pct3ResTime" : 3932.5000000000005,
    "throughput" : 4.793327484710938,
    "receivedKBytesPerSec" : 9.681125170452379,
    "sentKBytesPerSec" : 1.6945161615872653
  },
  "Change_Group_Membership" : {
    "transaction" : "Change_Group_Membership",
    "sampleCount" : 749,
    "errorCount" : 0,
    "errorPct" : 0.0,
    "meanResTime" : 716.8518024032047,
    "medianResTime" : 628.0,
    "minResTime" : 142.0,
    "maxResTime" : 2830.0,
    "pct1ResTime" : 1317.0,
    "pct2ResTime" : 1603.0,
    "pct3ResTime" : 2326.5,
    "throughput" : 4.757639854920568,
    "receivedKBytesPerSec" : 3.239291141833565,
    "sentKBytesPerSec" : 2.2301436819940164
  }
}