{
  "Local_Authentication_Logout" : {
    "transaction" : "Local_Authentication_Logout",
    "sampleCount" : 5483,
    "errorCount" : 0,
    "errorPct" : 0.0,
    "meanResTime" : 536.8110523436059,
    "medianResTime" : 390.0,
    "minResTime" : 45.0,
    "maxResTime" : 4146.0,
    "pct1ResTime" : 1146.0,
    "pct2ResTime" : 1524.8000000000002,
    "pct3ResTime" : 2338.4799999999996,
    "throughput" : 22.020257190820807,
    "receivedKBytesPerSec" : 14.881476991030048,
    "sentKBytesPerSec" : 23.676077311614954
  },
  "Local_Authentication_Password" : {
    "transaction" : "Local_Authentication_Password",
    "sampleCount" : 5516,
    "errorCount" : 0,
    "errorPct" : 0.0,
    "meanResTime" : 808.0520304568504,
    "medianResTime" : 683.0,
    "minResTime" : 185.0,
    "maxResTime" : 4560.0,
    "pct1ResTime" : 1448.3000000000002,
    "pct2ResTime" : 1787.1499999999996,
    "pct3ResTime" : 2695.279999999999,
    "throughput" : 22.05641259406764,
    "receivedKBytesPerSec" : 89.82449490500268,
    "sentKBytesPerSec" : 9.003496547187767
  },
  "OpenID_Config" : {
    "transaction" : "OpenID_Config",
    "sampleCount" : 5462,
    "errorCount" : 0,
    "errorPct" : 0.0,
    "meanResTime" : 1493.2343463932611,
    "medianResTime" : 1252.0,
    "minResTime" : 76.0,
    "maxResTime" : 8703.0,
    "pct1ResTime" : 2983.7,
    "pct2ResTime" : 3585.1999999999935,
    "pct3ResTime" : 4996.219999999999,
    "throughput" : 21.93583106759465,
    "receivedKBytesPerSec" : 25.118747339346744,
    "sentKBytesPerSec" : 8.011719550078514
  },
  "Total" : {
    "transaction" : "Total",
    "sampleCount" : 16461,
    "errorCount" : 0,
    "errorPct" : 0.0,
    "meanResTime" : 945.0577729178076,
    "medianResTime" : 676.0,
    "minResTime" : 45.0,
    "maxResTime" : 8703.0,
    "pct1ResTime" : 2075.600000000002,
    "pct2ResTime" : 2707.8999999999996,
    "pct3ResTime" : 4085.699999999988,
    "throughput" : 65.82135745303616,
    "receivedKBytesPerSec" : 129.6507985627944,
    "sentKBytesPerSec" : 40.55346757590389
  }
}