{
  "AUDIT_FETCH_LOGS" : {
    "transaction" : "AUDIT_FETCH_LOGS",
    "sampleCount" : 208,
    "errorCount" : 0,
    "errorPct" : 0.0,
    "meanResTime" : 959.0817307692312,
    "medianResTime" : 734.0,
    "minResTime" : 338.0,
    "maxResTime" : 5367.0,
    "pct1ResTime" : 1763.5999999999997,
    "pct2ResTime" : 2463.1999999999994,
    "pct3ResTime" : 3625.149999999999,
    "throughput" : 0.9852776777763042,
    "receivedKBytesPerSec" : 0.6689546567988897,
    "sentKBytesPerSec" : 0.4137396498474714
  },
  "Local_Authentication_Logout" : {
    "transaction" : "Local_Authentication_Logout",
    "sampleCount" : 306,
    "errorCount" : 0,
    "errorPct" : 0.0,
    "meanResTime" : 243.98366013071882,
    "medianResTime" : 168.0,
    "minResTime" : 73.0,
    "maxResTime" : 1535.0,
    "pct1ResTime" : 483.6,
    "pct2ResTime" : 728.9499999999999,
    "pct3ResTime" : 1124.5400000000004,
    "throughput" : 1.3092813500145475,
    "receivedKBytesPerSec" : 0.8845830449669684,
    "sentKBytesPerSec" : 1.4077331702793132
  },
  "CHECK_USER_PERMISSION_ENTITY" : {
    "transaction" : "CHECK_USER_PERMISSION_ENTITY",
    "sampleCount" : 301,
    "errorCount" : 291,
    "errorPct" : 96.67774,
    "meanResTime" : 58905.046511627916,
    "medianResTime" : 60011.0,
    "minResTime" : 20811.0,
    "maxResTime" : 60126.0,
    "pct1ResTime" : 60023.6,
    "pct2ResTime" : 60071.0,
    "pct3ResTime" : 60112.0,
    "throughput" : 1.0249564989392892,
    "receivedKBytesPerSec" : 0.40301064477765935,
    "sentKBytesPerSec" : 0.45042033644792984
  },
  "Update_Permission" : {
    "transaction" : "Update_Permission",
    "sampleCount" : 307,
    "errorCount" : 0,
    "errorPct" : 0.0,
    "meanResTime" : 848.7687296416937,
    "medianResTime" : 580.0,
    "minResTime" : 123.0,
    "maxResTime" : 6144.0,
    "pct1ResTime" : 1949.1999999999998,
    "pct2ResTime" : 2669.5999999999995,
    "pct3ResTime" : 4720.680000000018,
    "throughput" : 1.3126389601505046,
    "receivedKBytesPerSec" : 0.8937250472998974,
    "sentKBytesPerSec" : 0.6550376060907303
  },
  "GET_ENTITY_TYPE" : {
    "transaction" : "GET_ENTITY_TYPE",
    "sampleCount" : 306,
    "errorCount" : 0,
    "errorPct" : 0.0,
    "meanResTime" : 754.2124183006537,
    "medianResTime" : 507.5,
    "minResTime" : 119.0,
    "maxResTime" : 4530.0,
    "pct1ResTime" : 1704.2000000000003,
    "pct2ResTime" : 2122.7499999999995,
    "pct3ResTime" : 3799.0800000000027,
    "throughput" : 1.3084415862074865,
    "receivedKBytesPerSec" : 1.0621024365983083,
    "sentKBytesPerSec" : 0.5098322196257685
  },
  "Update_Entity" : {
    "transaction" : "Update_Entity",
    "sampleCount" : 308,
    "errorCount" : 0,
    "errorPct" : 0.0,
    "meanResTime" : 885.2435064935065,
    "medianResTime" : 590.0,
    "minResTime" : 179.0,
    "maxResTime" : 5691.0,
    "pct1ResTime" : 2059.9,
    "pct2ResTime" : 2752.4500000000007,
    "pct3ResTime" : 4245.420000000002,
    "throughput" : 1.3146605998779244,
    "receivedKBytesPerSec" : 0.8951548501052156,
    "sentKBytesPerSec" : 0.652194906970689
  },
  "Total" : {
    "transaction" : "Total",
    "sampleCount" : 2341,
    "errorCount" : 291,
    "errorPct" : 12.430585,
    "meanResTime" : 8206.672789406244,
    "medianResTime" : 582.0,
    "minResTime" : 73.0,
    "maxResTime" : 60126.0,
    "pct1ResTime" : 60009.0,
    "pct2ResTime" : 60012.0,
    "pct3ResTime" : 60051.58,
    "throughput" : 7.927101816359425,
    "receivedKBytesPerSec" : 6.35859196695235,
    "sentKBytesPerSec" : 4.04991562533862
  },
  "GET_ENTITY_TYPES" : {
    "transaction" : "GET_ENTITY_TYPES",
    "sampleCount" : 303,
    "errorCount" : 0,
    "errorPct" : 0.0,
    "meanResTime" : 733.7788778877889,
    "medianResTime" : 500.0,
    "minResTime" : 117.0,
    "maxResTime" : 4515.0,
    "pct1ResTime" : 1607.8000000000006,
    "pct2ResTime" : 2070.8,
    "pct3ResTime" : 4286.359999999991,
    "throughput" : 1.2952537286635804,
    "receivedKBytesPerSec" : 1.7066038236167929,
    "sentKBytesPerSec" : 0.4730711860548623
  },
  "GET_PERMISSION_TYPES" : {
    "transaction" : "GET_PERMISSION_TYPES",
    "sampleCount" : 302,
    "errorCount" : 0,
    "errorPct" : 0.0,
    "meanResTime" : 731.4668874172183,
    "medianResTime" : 469.5,
    "minResTime" : 103.0,
    "maxResTime" : 5040.0,
    "pct1ResTime" : 1649.9999999999995,
    "pct2ResTime" : 2074.7499999999995,
    "pct3ResTime" : 3841.1699999999923,
    "throughput" : 1.2912163086605555,
    "receivedKBytesPerSec" : 1.4755743801520385,
    "sentKBytesPerSec" : 0.47664039518915036
  }
}