{
  "Add_User_Attribute" : {
    "transaction" : "Add_User_Attribute",
    "sampleCount" : 74,
    "errorCount" : 30,
    "errorPct" : 40.54054,
    "meanResTime" : 3011.527027027027,
    "medianResTime" : 2811.5,
    "minResTime" : 1422.0,
    "maxResTime" : 6470.0,
    "pct1ResTime" : 4946.5,
    "pct2ResTime" : 5543.5,
    "pct3ResTime" : 6470.0,
    "throughput" : 0.8777340228685296,
    "receivedKBytesPerSec" : 0.701320789545476,
    "sentKBytesPerSec" : 1.5608922418394457
  },
  "Enable_User" : {
    "transaction" : "Enable_User",
    "sampleCount" : 63,
    "errorCount" : 26,
    "errorPct" : 41.26984,
    "meanResTime" : 1687.142857142857,
    "medianResTime" : 1464.0,
    "minResTime" : 599.0,
    "maxResTime" : 5197.0,
    "pct1ResTime" : 2902.6000000000004,
    "pct2ResTime" : 3993.199999999999,
    "pct3ResTime" : 5197.0,
    "throughput" : 0.7334450963956413,
    "receivedKBytesPerSec" : 0.7905294811458042,
    "sentKBytesPerSec" : 0.2628655765402347
  },
  "Diable_User" : {
    "transaction" : "Diable_User",
    "sampleCount" : 63,
    "errorCount" : 51,
    "errorPct" : 80.95238,
    "meanResTime" : 7261.825396825398,
    "medianResTime" : 10436.0,
    "minResTime" : 696.0,
    "maxResTime" : 12579.0,
    "pct1ResTime" : 11387.0,
    "pct2ResTime" : 11992.599999999999,
    "pct3ResTime" : 12579.0,
    "throughput" : 0.6652657367026051,
    "receivedKBytesPerSec" : 0.48992605848530607,
    "sentKBytesPerSec" : 0.23972954769849736
  },
  "Get_User_Status" : {
    "transaction" : "Get_User_Status",
    "sampleCount" : 55,
    "errorCount" : 0,
    "errorPct" : 0.0,
    "meanResTime" : 575.2727272727273,
    "medianResTime" : 434.0,
    "minResTime" : 229.0,
    "maxResTime" : 2664.0,
    "pct1ResTime" : 1128.3999999999999,
    "pct2ResTime" : 1462.5999999999983,
    "pct3ResTime" : 2664.0,
    "throughput" : 0.6909374136328232,
    "receivedKBytesPerSec" : 0.46698388938092006,
    "sentKBytesPerSec" : 0.2354855052322806
  },
  "Total" : {
    "transaction" : "Total",
    "sampleCount" : 490,
    "errorCount" : 162,
    "errorPct" : 33.061226,
    "meanResTime" : 3224.2734693877537,
    "medianResTime" : 1721.0,
    "minResTime" : 226.0,
    "maxResTime" : 13552.0,
    "pct1ResTime" : 10612.300000000001,
    "pct2ResTime" : 11103.75,
    "pct3ResTime" : 12157.699999999999,
    "throughput" : 5.086575592741768,
    "receivedKBytesPerSec" : 4.112669109174521,
    "sentKBytesPerSec" : 3.9715657018176724
  },
  "Delete_User_Attribute" : {
    "transaction" : "Delete_User_Attribute",
    "sampleCount" : 73,
    "errorCount" : 55,
    "errorPct" : 75.34247,
    "meanResTime" : 7756.315068493151,
    "medianResTime" : 10442.0,
    "minResTime" : 1532.0,
    "maxResTime" : 13552.0,
    "pct1ResTime" : 11594.2,
    "pct2ResTime" : 12024.0,
    "pct3ResTime" : 13552.0,
    "throughput" : 0.7929266597149809,
    "receivedKBytesPerSec" : 0.5037680988225582,
    "sentKBytesPerSec" : 1.410077585293926
  },
  "Get_User" : {
    "transaction" : "Get_User",
    "sampleCount" : 53,
    "errorCount" : 0,
    "errorPct" : 0.0,
    "meanResTime" : 1731.9056603773586,
    "medianResTime" : 1522.0,
    "minResTime" : 757.0,
    "maxResTime" : 3721.0,
    "pct1ResTime" : 2704.8,
    "pct2ResTime" : 3547.0999999999995,
    "pct3ResTime" : 3721.0,
    "throughput" : 0.6586960304242997,
    "receivedKBytesPerSec" : 0.8135148424100818,
    "sentKBytesPerSec" : 0.22514024477393055
  },
  "Change_User_Password" : {
    "transaction" : "Change_User_Password",
    "sampleCount" : 55,
    "errorCount" : 0,
    "errorPct" : 0.0,
    "meanResTime" : 1294.0727272727272,
    "medianResTime" : 1066.0,
    "minResTime" : 551.0,
    "maxResTime" : 3629.0,
    "pct1ResTime" : 1927.6,
    "pct2ResTime" : 2590.5999999999954,
    "pct3ResTime" : 3629.0,
    "throughput" : 0.6880074054615278,
    "receivedKBytesPerSec" : 0.4652845536082861,
    "sentKBytesPerSec" : 0.2613621882075531
  },
  "Check_User_Status" : {
    "transaction" : "Check_User_Status",
    "sampleCount" : 54,
    "errorCount" : 0,
    "errorPct" : 0.0,
    "meanResTime" : 600.7407407407408,
    "medianResTime" : 395.5,
    "minResTime" : 226.0,
    "maxResTime" : 3261.0,
    "pct1ResTime" : 1412.5,
    "pct2ResTime" : 1725.5,
    "pct3ResTime" : 3261.0,
    "throughput" : 0.6761748538084922,
    "receivedKBytesPerSec" : 0.4576922128761222,
    "sentKBytesPerSec" : 0.22715248995129037
  }
}